Region,Time,Longitude,Latitude,T,S,PAR,HfNano,RedNano,HflrNano,HsNano,OraPicoProk,RedPico,HflrPico
B2,2023-05-04 04:45:24,4.91981460184898,40.7504621,16.918164492311053,38.2032968010872,1.697206,0.5449998640975128,1.431601862785015,0.0929254376299501,0.2096762515517217,0.0749684195243462,0.1142124077245234,0.0014466297537589
B2,2023-05-04 04:58:24,4.91857768133806,40.7506493339034,16.842452698131293,38.20108570725952,1.717843,0.5834967985700416,1.4155048055719115,0.1131339748350823,0.2007740834275299,0.0674497041297455,0.1181881267511215,0.0026093693657633
B2,2023-05-04 05:15:24,4.9152524972024,40.7502385267934,16.856594140368827,38.19445600851865,2.466578,0.6542590136388439,1.498924866890375,0.131723761099732,0.1978668952685512,0.0746563819896379,0.1200958361486869,0.0023537967867037
B2,2023-05-04 05:28:24,4.91045920653503,40.7488001209964,16.81183674854481,38.1905366069213,9.563669,0.5553343116047648,1.3967289231819553,0.1156240975769074,0.2545331892187862,0.077191534718228,0.129777450092169,0.0027817835861814
B2,2023-05-04 05:46:24,4.92683014875968,40.7642184584016,16.958501282033072,38.18691736922187,42.66982,0.5057185668622156,1.8302115084561208,0.1421934543687637,0.3534401375732703,0.0992689684740878,0.1350505850208281,0.0025320479402341
B2,2023-05-04 05:58:24,4.93275917251838,40.7698367503676,16.937652800498995,38.14772820584694,103.9618,0.2801577105729299,1.4458347152932782,0.1197399078226286,0.2822822446406644,0.1013319672685634,0.1194505079462015,0.002205524068595
B2,2023-05-04 06:15:24,4.94582329004538,40.7710229886469,16.96568008397329,38.143805941947306,129.9248,0.2200763889588484,1.8010566887554638,0.0952099575949926,0.1434863558261873,0.1134341498846435,0.1186686422957828,0.0016860692514266
B2,2023-05-04 06:28:24,4.9516308864179,40.7712099864179,16.794415508881265,38.13536392100558,173.6897,0.232101892726553,1.3620452224100246,0.1032247300251355,0.307651283173536,0.1150159649211951,0.1128585090811675,0.0018398546222132
B2,2023-05-04 06:46:24,4.95195448373917,40.7707711148783,16.783483995520964,38.13405674160612,440.1804,0.2777295679336724,1.4688627610375178,0.0963496264694007,0.1820634668192111,0.1155583627460871,0.1136488664225752,0.0015896202792067
B2,2023-05-04 06:58:24,4.94995586853423,40.7717659023836,16.818381690247566,38.13405763832088,599.1172,0.2817741263897643,1.5665101959514487,0.1002501351031134,0.1676914665243618,0.1186052551585459,0.1163743713983861,0.0017439424442031
B2,2023-05-04 07:16:24,4.94826543390368,40.7727308805596,16.8552644216707,38.13435733846693,409.5769,0.2178459763585056,1.6511822954380353,0.0864645720936765,0.2880565531193159,0.1139476667881133,0.1149611645148223,0.0026264189193458
B2,2023-05-04 07:28:24,4.94957558607347,40.7691866050286,16.83730319182048,38.13486235130892,698.2086,0.3108017561585892,1.3876483052806328,0.0995984893838723,0.2192693920609853,0.1229122516844097,0.1084281492513987,0.0015312747572537
B2,2023-05-04 07:46:24,4.94786289480783,40.7676958106091,16.92600076969523,38.13646885933038,897.3428,0.4766522719434902,1.3780099528766243,0.1118083336942297,0.3956263190247981,0.1188982767978145,0.1172478485616515,0.0018647211626513
B2,2023-05-04 07:58:24,4.94747110001767,40.7669370941956,16.945053561360083,38.13255168451482,913.2872,0.4613438742207759,1.4004145724123074,0.0870420531828517,0.1851329269717074,0.1153202650066222,0.118181515868657,0.001243972413247
B2,2023-05-04 08:15:24,4.94384094693428,40.7719427994716,16.995265479229637,38.11979004266868,743.0322,0.4150769489763167,1.4726183205945165,0.0795944815413688,0.2487928146056552,0.1173056169490237,0.1108209068587291,0.0018294837129909
B2,2023-05-04 08:28:24,4.94199782363906,40.7765551727153,16.964700361283555,38.14320265325777,1231.377,0.3434734060501497,1.4313741498227663,0.0949517270114904,0.1726161568461512,0.1064858833747101,0.102135397776591,0.0017830178477007
B2,2023-05-04 08:46:24,4.93900261715075,40.7822857762984,16.967501989833835,38.15003844960064,1326.722,0.3117092333417586,1.543077509636831,0.0745907001625568,0.2686393569126416,0.096925721517657,0.1067484887094236,0.0015146576491062
B2,2023-05-04 08:58:24,4.94421335962853,40.7777610086998,17.129338344985925,38.13908534415057,1220.35,0.4893300565477192,1.4220624234913386,0.0780190037477007,0.2766441217890589,0.1009646588564073,0.1060539393015829,0.0021170843749961
B2,2023-05-04 09:15:24,4.94148429922287,40.7809594567644,17.458389460909082,38.13958887728743,1384.092,0.4714911783867148,1.891344739790506,0.0635102564373003,0.3051682561148938,0.1010857894236367,0.1037691495221187,0.0011150023748498
B2,2023-05-04 09:28:24,4.93956247029538,40.7840338594092,17.55217192941087,38.13798009339245,1399.856,0.360605160458577,1.8188068599406848,0.0732340414680181,0.2570389613633367,0.0934210939594,0.1025891234572576,0.0011135679861626
B2,2023-05-04 09:46:24,4.93877145916712,40.7864771858302,17.60792943085978,38.140997127366944,1414.842,0.4144045092554251,2.065497973871248,0.0598972144245322,0.3375798943665383,0.0962675779007872,0.0992605021457315,0.001414209537147
B2,2023-05-04 09:58:24,4.93878373957148,40.7873248863576,17.852431395741046,38.134764887073416,1550.308,0.4686231033284443,1.7095348303125912,0.0459193072273775,0.2999346956377005,0.090350239757398,0.0994030876918751,0.0007792522038789
B2,2023-05-04 10:15:24,4.93788248702234,40.7899425999054,17.201279711293694,38.13386096347836,1605.077,0.2552769873307262,1.7256847525834518,0.0675680457772446,0.2375270281927905,0.0893285859370077,0.0976837920875722,0.0017560051172996
B2,2023-05-04 10:28:24,4.93722156832837,40.7907871509287,17.952636966458417,38.1526502469008,1655.867,0.5359253524233616,2.064371054095079,0.0604441482562351,0.3087165418929842,0.0891296838397791,0.0948061800847811,0.0012347040589969
B2,2023-05-04 10:46:24,4.93544632949393,40.7913752238968,17.354810368409083,38.13506939384504,1767.901,0.4910489176032001,1.7934468895315383,0.0558972574029207,0.3088782710800515,0.0933039249273299,0.1050069934861781,0.0013594170058748
B2,2023-05-04 10:58:24,4.93440519407293,40.791984722084,17.30599820746323,38.13326071545075,1776.291,0.4382611367160336,1.6864822861825486,0.079425615090433,0.1763834603545831,0.0842302330981558,0.087813026312653,0.0012032525625381
B2,2023-05-04 11:15:24,4.93267319930082,40.7930954351474,17.165256231509613,38.13838610559343,1820.494,0.3982411789808354,1.4475411582958717,0.066439465167368,0.2844164547453544,0.0875029501140313,0.1066315187146265,0.0017536144944192
B2,2023-05-04 11:28:24,4.93128538884605,40.7939452971053,17.07057420352837,38.13678072670262,1878.212,0.4338928345696241,1.0586371915288486,0.0756543636192187,0.2395644293489588,0.082797451345287,0.1039361972565778,0.0019041514060563
B2,2023-05-04 11:45:24,4.93057557617089,40.7949920142563,17.263114999095436,38.133465592340926,1895.713,0.6037689615979435,1.4571035691238274,0.0748694560980044,0.2883889222957132,0.0843162880473148,0.1026432159887251,0.0013848036806778
B2,2023-05-04 11:58:24,4.93288004001695,40.7945025200085,17.965680545502888,38.14994236792087,1908.365,0.7237531659496518,1.211343106435366,0.0756791057059854,0.2289551141671287,0.080318819431755,0.0860475138523027,0.0015674545192314
B2,2023-05-04 12:15:24,4.93285665448401,40.7948266073096,17.55157582349332,38.15888463544372,1918.424,0.6817561555796087,1.5927471864289595,0.0976656401199672,0.3134437528486121,0.0825801726463446,0.1037923455552382,0.0013682992217156
B2,2023-05-04 12:28:24,4.93249329574915,40.7953136042509,17.165250643400135,38.13858569557782,1919.708,0.4901277373390889,1.1771472777110712,0.0796355028069497,0.2319214781019402,0.0869419315847818,0.1063606023822107,0.0017796810200008
B2,2023-05-04 12:46:24,4.9326203633143,40.7961545834285,17.165047749156937,38.14582228108138,1906.13,0.5797161712745832,1.3298253531171595,0.094518918784633,0.2615543941006791,0.0849542463256002,0.1086271260059602,0.0015997860481598
B2,2023-05-04 12:58:24,4.93298464653525,40.7967596831691,17.631192095690658,38.12954379796869,1889.301,0.4420258534783439,1.511849214507753,0.0658878646956572,0.3006483642558468,0.0785301489608828,0.0989174413956338,0.0012267876655705
B2,2023-05-04 13:15:24,4.93253161302908,40.797846355668,18.215993300133903,38.11618256704036,1883.214,0.8112621944925329,1.688325572447872,0.0676307961655634,0.2745736640992758,0.0756025294059274,0.0955454166982039,0.0015822589949065
B2,2023-05-04 13:28:24,4.93189053188768,40.7984817492356,18.198781716092217,38.15898504883388,1856.834,0.8027687719374437,1.6961481149431208,0.058607080420916,0.2999131656469732,0.0784860734518653,0.0976188152013677,0.0017684435330198
B2,2023-05-04 13:45:24,4.93164260253986,40.7995013874027,18.03268742309968,38.143412127240126,1814.051,0.9286891549951952,1.3758538664142348,0.0611543622444408,0.2150813374821476,0.0757991560077695,0.0938276682138475,0.0017930695481297
B2,2023-05-04 13:58:24,4.93140474440998,40.8003467730257,18.076354710376474,38.11658189364548,1768.025,0.9142566597741624,1.418420684726308,0.0735350954501203,0.3252615877818002,0.0782788115932442,0.0923726689950139,0.0015736195783684
B2,2023-05-04 14:15:24,4.93130766847241,40.8004662270862,18.16809212619481,38.15124681489675,1732.921,0.9510748446420576,1.511777513907967,0.0808452675595124,0.303010303453876,0.0669317172183975,0.0944343589617447,0.0014662013348127
B2,2023-05-04 14:28:24,4.93181324722625,40.8012431260492,18.222193295524825,38.14280661907974,1674.068,1.1548526551525482,1.068806050996613,0.0770899684450956,0.4679205325404795,0.051735102957763,0.0867200263876844,0.0014229605028348
B2,2023-05-04 14:45:24,4.9323417322533,40.8018660354934,18.23994983637652,38.14944126774521,1630.18,1.5666485116780555,1.0216131794401315,0.0577076038422996,0.3816656150677009,0.0437095157677787,0.0890185759037942,0.0014459369634924
B2,2023-05-04 14:58:24,4.93297940355947,40.8023631071189,18.25790015887362,38.14954073549829,1588.644,1.1465475142919632,1.0275379193583458,0.0795217090141435,0.1994647152522285,0.0428168451933495,0.093157527211762,0.0019982278679116
B2,2023-05-04 15:15:24,4.93339410342154,40.8030429746502,18.17801337785304,38.1529557817122,1477.33,1.4896691149648484,0.9944926653375944,0.0818986554496238,0.2198613854308974,0.0348287108610042,0.0978001618652602,0.0013861995326895
B2,2023-05-04 15:28:24,4.93425664470312,40.8043259268002,17.522994158934385,38.14702607235618,1407.112,0.6871454568675894,1.253350835240508,0.129503777482987,0.202874110365183,0.0803175797847178,0.0953092218978485,0.0019563378162652
B2,2023-05-04 15:45:24,4.93505206836007,40.8077565481506,17.44830895140304,38.14341171168908,1314.606,0.7541360338943068,1.2383878891074125,0.102417713138263,0.2549728644866051,0.0642349316520663,0.0999454336751289,0.0018701579381859
B2,2023-05-04 15:58:24,4.93518542782974,40.8103917910397,17.78362884792818,38.13446976341053,1248.978,1.0878107360645894,1.2297704463435724,0.0926317592897495,0.2069859643467525,0.0469948225031114,0.0991185110098749,0.0019913912933522
B2,2023-05-04 16:15:24,4.93504170116652,40.8135920116652,17.941681988711206,38.15215138915965,1148.391,1.0970472578368144,1.2785654142886418,0.0926635288004918,0.3241694663777661,0.036736875143802,0.0955890882005538,0.0012098278790047
B2,2023-05-04 16:28:24,4.9349442668855,40.815684897374,17.701763465276986,38.13768622779815,1044.276,0.9957293553767405,1.1286523261071664,0.0880712584339432,0.218205811332098,0.0557266298450281,0.0911878949995053,0.0013997829544788
B2,2023-05-04 16:45:24,4.93530636464509,40.8181429967344,17.778105130196707,38.15315981962373,608.7532,1.0252099633112275,1.2521305581817237,0.1048604219212005,0.3626772547912985,0.0524872437990672,0.1003119664350106,0.0021197890700745
B2,2023-05-04 16:58:24,4.93645789129111,40.8198132560225,17.488912722083526,38.11819185818226,269.4393,0.6664781541175764,1.2391902720322658,0.1121173765605653,0.1898920828946242,0.0625854763101971,0.0962241883354585,0.0018238634461572
B2,2023-05-04 17:15:24,4.9381618262489,40.8220497588738,17.181285483112894,38.13567338491944,1028.575,0.8123984619591311,1.2678925080484895,0.1239936976851903,0.3010007534307509,0.0928560114963203,0.1051276845377172,0.0021874028345534
B2,2023-05-04 17:28:24,4.93290157352267,40.8230799622875,17.94162662198676,38.15406233234603,218.1976,1.4472407606482698,1.0977664332859578,0.1282401913248359,0.4387148172903272,0.0387736311083374,0.0975557547200585,0.0026449312707933
B2,2023-05-04 17:46:24,4.90858390513227,40.8192294239242,17.70250927795879,38.14643559216703,691.0919,1.3663860549502898,1.1103979909554598,0.1449651940915204,0.4768671327875644,0.0282595623762184,0.1048705308329749,0.0025370043845787
B2,2023-05-04 17:58:24,4.91168333573146,40.8187848779595,17.78182643539539,38.12784860536282,630.2709,1.4503075169412505,1.588825525648185,0.1715283893166888,0.369620941075558,0.0320290329406051,0.1243853178218415,0.0026638432961827
B2,2023-05-04 18:16:24,4.91186979024198,40.8166261499243,17.719867197853453,38.167032408543385,481.4037,1.5396169199476897,1.4774180890737765,0.1650679939831594,0.3374511049608983,0.0259092094134816,0.1053275959163925,0.002304683701376
B2,2023-05-04 18:28:24,4.906846383515,40.8186864957842,17.080083542512277,38.15327025613577,371.6596,1.405501196924542,1.1551973205334347,0.1473824244983729,0.4032916973950162,0.0332860962372122,0.1194430003956178,0.0026080761482055
B2,2023-05-04 18:46:24,4.90873125026818,40.8216344081049,17.16385966618747,38.152664264880734,136.0138,1.1743502990501589,1.2922358223263624,0.1540999157397205,0.4685629248464887,0.030003357478383,0.1091486832632272,0.0018688012219508
B2,2023-05-04 18:58:24,4.90959175552055,40.822965579937,17.159931453091396,38.150456325572144,82.89738,1.1552481797182392,1.3131068373821435,0.2260017071822224,0.5559341302601899,0.0386122293860937,0.1240244458825228,0.0019448049696825
B2,2023-05-04 19:16:24,4.91075188374809,40.8247713377744,17.31540294248639,38.15336909727203,54.6814,1.3203253083466089,1.2009045638527986,0.176487289919418,0.2829274913982418,0.0267726352427059,0.1071420416262762,0.0020472875317129
B2,2023-05-04 19:28:24,4.91564769349797,40.8299799300151,17.644402359893842,38.15577860097195,29.46871,1.405725078742741,1.286192997587947,0.1711790172624173,0.3443441917161422,0.0339480849991879,0.1130628782915093,0.0018532641323739
B2,2023-05-04 19:45:24,4.92320931135418,40.8373993822708,16.86734443556436,38.13025705231576,6.06475,0.975950124912316,1.271586577038379,0.0986236041999929,0.2692126389704075,0.0517229446658718,0.1051760747497237,0.0019286793896243
B2,2023-05-04 19:58:24,4.92560555899414,40.8379455529981,17.35312434581675,38.159394072725625,1.810278,1.2021296784444522,1.3667173410156246,0.1428820758835612,0.3777977097820079,0.0404871644256709,0.1098987501345344,0.002599372106284
B2,2023-05-04 20:15:24,4.92716132082242,40.838751351028,17.113171815046986,38.146733464083326,1.342021,1.238259851881632,1.106452135754484,0.1299371003675159,0.3960752062766725,0.0515080234426838,0.1084654367079815,0.0021739051232807
B2,2023-05-04 20:28:24,4.92797234428853,40.8393630865731,17.06704125985889,38.15617753232517,1.351164,1.085502593942609,0.9798379567737756,0.1019552653625633,0.2916904338868421,0.0573205041428769,0.1143967550796381,0.0018052225662426
B2,2023-05-04 20:45:24,4.92890530248856,40.8402051157077,17.347364410218393,38.15155476821262,1.347778,1.3833471663875607,1.2062160569292155,0.1348680408910927,0.4350073960933767,0.0494544125129292,0.1112080982786326,0.0014631384532846
B2,2023-05-04 20:58:24,4.92984121349592,40.8408941776829,17.38227340784468,38.15125169284247,1.326676,1.1910914252787437,1.229665976444907,0.130368803437754,0.4143360582831192,0.0431304754186887,0.1092849977920383,0.0019629841279898
B2,2023-05-04 21:15:24,4.93057055795756,40.8416486804045,17.402968858096532,38.159894734216095,1.321337,1.1468484497044356,1.3254887117040035,0.1292052151352647,0.3651029928508741,0.0470377415986555,0.1148583014109928,0.001998241066294
B2,2023-05-04 21:28:24,4.930716064282,40.842041349974,17.342312249908936,38.15386554634803,1.312199,1.0613411962331416,1.295078669772116,0.1406929317465709,0.3341120263206913,0.0491423711938554,0.1145765014221508,0.0021727583076152
B2,2023-05-04 21:46:24,4.93065513597721,40.8429772402279,17.28159775669829,38.14994843156364,1.333632,1.1750589884923393,1.269105546125465,0.1019684895472987,0.4137977013284613,0.05365153224318,0.1145863878249514,0.0020857085158661
B2,2023-05-04 21:58:24,4.93046114850542,40.8437348287364,17.01459949796522,38.14160816153706,1.333305,0.936976536010096,1.363193913891369,0.117372129162647,0.4449205185990291,0.0678838004644134,0.1124180232626309,0.0021175002686315
B2,2023-05-04 22:15:24,4.93065912684442,40.8449823268444,17.09513134636126,38.15004827096232,1.316824,1.055769352277051,1.1971668573002368,0.1171808253858282,0.4137782957296462,0.0625516133506463,0.1075467263328823,0.0018556578354211
B2,2023-05-04 22:28:24,4.93132261681221,40.8455097287603,17.243338657693208,38.16301095911187,1.332961,1.0355368321539078,1.1480914743171666,0.1087538016633108,0.3955834957514382,0.0637260887313954,0.1218229372358974,0.0022384662365613
B2,2023-05-04 22:46:24,4.93347379449655,40.8464356159397,17.212084287011358,38.13969852520359,1.328373,0.7858610688923886,1.275040122949266,0.1214107734341739,0.3318411730413737,0.0539837437642963,0.1132657824770771,0.0019156998688147
B2,2023-05-04 22:58:24,4.93343973722078,40.8469953098664,17.225744845333516,38.150350228455885,1.337795,0.9025615368228028,1.2645416937559857,0.1144357740747609,0.2758873456212559,0.0508336903505895,0.1086058616306864,0.0020727367865017
B2,2023-05-04 23:15:24,4.9348213,40.8475408173061,17.229873499084505,38.14542450276964,1.347778,0.8469013029832345,1.3852360110051734,0.0974031916979947,0.1746543594688509,0.0538642349449271,0.1136071640161936,0.0022231302045489
B2,2023-05-04 23:28:24,4.93494706287364,40.8480200658628,17.39017893086626,38.15376493650191,1.314947,0.90264961281756,1.5451079084278825,0.157199814001652,0.4716789341120528,0.0454814522119529,0.1262408123399044,0.0017932090044035
B2,2023-05-04 23:46:24,4.93508468965775,40.848866005754,17.490704306926304,38.16039591966387,1.313429,0.862339234557912,1.4875140467753294,0.0997651266238814,0.5073324667793386,0.0378648674747726,0.1122657596772017,0.0019323206669497
B2,2023-05-04 23:58:24,4.93559846391377,40.8493172367515,17.44088385657655,38.159088721835744,1.323907,0.8380059041869492,1.6383069713864602,0.13085512057989,0.4357967086019731,0.0475450644907985,0.1197208068969374,0.0021418547773604
B2,2023-05-05 00:16:24,4.93663713989632,40.8472037174687,17.295399084045727,38.15557332892937,1.310742,0.698956410662648,1.341784136252138,0.1180786823915995,0.2361437162501536,0.0517610685752203,0.1240559141543174,0.001876046148572
B2,2023-05-05 00:28:24,4.93664226289961,40.8459973307067,17.25554089720015,38.154568986402175,1.316591,0.6170907454975976,1.2127724478755462,0.0890654237782445,0.2509052517493571,0.0574069587685431,0.1102470874858447,0.0022555644255077
B2,2023-05-05 00:45:24,4.93585566181957,40.8450165732503,17.18269130201159,38.15667729024551,1.319221,0.7949234793473008,1.3421568749316288,0.1445820248391714,0.2527815337713029,0.0589245595837821,0.1198706950346415,0.0022252615617924
B2,2023-05-05 00:58:24,4.93462688071595,40.8435443563511,17.187777627397573,38.15305933546476,1.325201,0.6351553759759624,1.4217423131300722,0.0913380789529558,0.2639556831498907,0.0581907859629665,0.1041132798767448,0.0017403911255423
B2,2023-05-05 01:15:24,4.93252832362216,40.8414290610595,17.181796257565434,38.15305990360928,1.307972,0.9279067559880564,1.5933455312332845,0.1298072086857973,0.300868604560652,0.0582004752626083,0.1131911758775024,0.0019769744932673
B2,2023-05-05 01:28:24,4.93088916654814,40.840637637676,17.194702890050426,38.15507272540635,1.299388,0.6117508018156406,1.261366785718482,0.1343592097969573,0.3146032018125529,0.062165467807795,0.1197095661915698,0.0017048108736883
B2,2023-05-05 01:46:24,4.92935705995609,40.8408480640263,17.316534739876733,38.14864168584345,1.319993,0.6269404474773517,1.417842455817879,0.1360892905261977,0.2507450247716809,0.0533942616957568,0.1090683728828082,0.0016438988103013
B2,2023-05-05 01:58:24,4.92866716179344,40.8412205460689,17.51535567110312,38.17014464305519,1.328441,0.7311345631206548,1.4463386647178929,0.1399169280471936,0.2679463430609213,0.0455529708843438,0.1170136492123358,0.0022468580141889
B2,2023-05-05 02:15:24,4.92757071523268,40.841156964239,17.431763216861015,38.16421552294704,1.346896,0.650221758900048,1.535774028466875,0.1384678538512584,0.3087768184400442,0.0500664054210534,0.11835112581406,0.0019834009713447
B2,2023-05-05 02:28:24,4.9266678428984,40.8414944461894,17.507373278019124,38.170344750578224,1.368414,0.7115505574467486,1.4523752317775958,0.0994414254460637,0.2151422212228948,0.0495127954864786,0.1145874900505394,0.0021206786298427
B2,2023-05-05 02:45:24,4.92694915528755,40.8402261660277,17.460443181535783,38.172556048420766,1.372512,0.6058214082797857,1.7187687380912138,0.1477992424809246,0.3372257310754454,0.0529115581522606,0.1206245308915171,0.0029476262034733
B2,2023-05-05 02:58:24,4.94327307185447,40.8353316000262,17.097425010720617,38.13929074873391,1.364094,0.2734626403420386,1.3287978024498714,0.1180752958714236,0.1889695892079722,0.0888762778529975,0.1114613855781976,0.0015430913016509
B2,2023-05-05 03:16:24,4.93190187677778,40.8570975876617,17.293494677296344,38.15236088889817,1.376658,0.3075710469900949,1.5630175377477842,0.1199671701954321,0.2460504005737964,0.069064168236867,0.1173199078131241,0.0023098310000666
B2,2023-05-05 03:28:24,4.90895860092675,40.8507338084963,17.500341696937326,38.1721617578085,1.394516,0.7474441056361032,1.4569816540269869,0.1135484583934091,0.2635420459471427,0.0450148416714195,0.1091046803360221,0.0014227405493647
B2,2023-05-05 03:45:24,4.91594669719197,40.8267117993297,17.26027875959601,38.16341294308634,1.397891,0.470729473252896,1.630059343471047,0.1229394566792995,0.4412998244787748,0.0724146843011938,0.1153005653759947,0.0019269054287634
B2,2023-05-05 03:58:24,4.94220910636128,40.8292297572853,17.07859837995276,38.13507062393285,1.375053,0.2767922668963015,1.2613227952558568,0.1004851120527749,0.2429192402433203,0.083258805596079,0.0969632657182427,0.0017406189478729
F2,2023-05-05 09:58:24,5.05806390643325,41.1853061922801,17.960654050626015,38.28869588365677,1645.036,0.7022190155759018,1.7719498422075552,0.153596999224844,0.4664756084498627,0.0950586113284825,0.0872644126741342,0.0036858050549501
F2,2023-05-05 10:15:24,5.064533621202,41.182171584206,18.02960644607414,38.28346889317277,1782.712,0.7429570224490087,2.00180127081908,0.1453033350739145,0.4544983519382739,0.092359442781559,0.0928026210798723,0.0037561440249212
F2,2023-05-05 10:28:24,5.06962947624304,41.1823230249503,18.03032784913575,38.29291124526453,1874.74,0.7035933063585629,1.9396783759179488,0.1660723393338918,0.3998298795385377,0.0881138488045307,0.0885229614200143,0.0034391444043895
F2,2023-05-05 10:45:24,5.07737280476816,41.1813030510631,18.17230404585372,38.27974596282112,1920.789,0.9394028666716666,1.9111399995279783,0.1329183141352451,0.4308105395069145,0.0874384563092875,0.0846243628218662,0.0040813074717138
F2,2023-05-05 10:58:24,5.08300252866521,41.1803104382757,18.204112059937795,38.28315884617283,1940.076,0.8056699707243453,1.782419452879125,0.1614284195923864,0.460488072331529,0.0864300171030685,0.081237611496328,0.0039867005720838
F2,2023-05-05 11:15:24,5.09082315792969,41.1787271566109,18.410837754511828,38.27260367654927,1941.431,1.5134337386712808,1.3330609975853975,0.1350128324523049,0.5656103004829233,0.0590760891776253,0.0708896822136612,0.0042827462637786
F2,2023-05-05 11:28:24,5.09669906609514,41.1767578274237,18.054340560243404,38.29008699195773,1915.75,0.9768104817308412,1.1791473593866253,0.1290330357498322,0.4744113582088599,0.0653345069631005,0.0816914814245778,0.0034366288447041
F2,2023-05-05 11:45:24,5.10453434656319,41.1757286244857,17.86904443603993,38.31891891266177,1991.194,1.1034750103322588,1.644555705461464,0.1474542799294851,0.762284927571091,0.0821084705173223,0.0892029466327112,0.0027668793128682
F2,2023-05-05 11:58:24,5.11053608679176,41.174581777693,18.46454516233704,38.2773217220701,1976.572,1.4860876269012355,1.051674635529838,0.1309819884550649,0.4155623959629618,0.0480514922576028,0.0736032240692827,0.0029945048716821
F2,2023-05-05 12:15:24,5.11770167060837,41.1727118615858,18.407750724818168,38.27580864427416,2002.186,1.42694712663413,1.0698549347900532,0.1089702277423767,0.5795474181955781,0.0483059922291393,0.076294640974709,0.0028406752355046
F2,2023-05-05 12:28:24,5.12292055334575,41.1717654725245,18.535383548423223,38.27610936579672,1967.89,1.2905028184806298,1.240757938755383,0.0987482307086254,0.5145601216865408,0.0448014322172022,0.0747347371201871,0.0024091693157208
F2,2023-05-05 12:46:24,5.13037582547252,41.1709978528423,17.76625156281456,38.35688890731854,1928.732,1.173382799080815,1.8631588496719889,0.1671452740507485,0.4130611562874465,0.0975708827132383,0.0883367358017844,0.0020158978192151
F2,2023-05-05 12:58:24,5.13514991852447,41.1701397308795,18.274765904754577,38.2880593760284,1990.46,1.0232220743297078,1.6490974290362177,0.1707436837286556,0.3640459038959743,0.0780211348158691,0.0775146217946069,0.0017177712993797
F2,2023-05-05 13:15:24,5.14204277014329,41.1671440795474,18.475021500010985,38.260325301647605,1806.891,1.7658910730116426,0.9277702596267112,0.0968838611392749,0.4354248466673022,0.0346460629158646,0.0673162661065641,0.0027022079111764
F2,2023-05-05 13:28:24,5.14814988996925,41.1647738650854,18.60444659306937,38.26755928328453,1938.779,1.657672583466582,1.0785727418534323,0.1030348889187758,0.3341441467357178,0.0244398478696879,0.0610918081343851,0.0021656748860506
F2,2023-05-05 13:45:24,5.15663038185676,41.1619615988075,18.520899233371114,38.260119884879146,1726.168,1.4240070140633887,0.963176046582115,0.1103795435094202,0.5176948395792983,0.0195825292450099,0.066316306363173,0.0014993686843313
F2,2023-05-05 13:58:24,5.16328973654844,41.1595078041988,18.35860095681784,38.285536956397664,1723.201,1.238496327035669,1.0577962174730704,0.1157360163816639,0.4254745621831252,0.0260000252594257,0.0779272947852559,0.0026408517639681
F2,2023-05-05 14:15:24,5.16917309326003,41.1589570439606,18.51284131844385,38.26282858489007,1754.555,1.2679073991441523,0.9797323885688368,0.1051345200236988,0.3724834110454101,0.0169065656198098,0.0603202656214591,0.0018678098642747
F2,2023-05-05 14:28:24,5.17297452254957,41.1591669128045,18.53676290900709,38.263229570418815,1434.571,1.3118448889166106,1.0966079456652391,0.0960385819912101,0.4516941710937702,0.0166569296771405,0.0653421343776587,0.0023232895179851
F2,2023-05-05 14:45:24,5.17726092665138,41.1594978908314,18.6076975986924,38.25880481354368,1383.593,1.367791695141629,0.914247744353484,0.0789565095168229,0.4159717724864762,0.0146504289510647,0.0704768935007859,0.0018165022997419
F2,2023-05-05 14:58:24,5.18042251158603,41.1602945548216,18.289536783081864,38.26051320802853,1429.228,1.1996516508514825,1.1866403338009783,0.1404711021624295,0.4053281800027524,0.0252129660816544,0.0713530008870491,0.0024201121004416
F2,2023-05-05 15:15:24,5.18839172524646,41.1590739327113,18.35058663735553,38.28673475931467,1483.567,1.378053104394101,1.3895991324507724,0.1840678821745998,0.5164614704421073,0.0370473844544621,0.0785770359981,0.0020117105573424
F2,2023-05-05 15:28:24,5.19415234420309,41.1594961,18.59043750729921,38.26914722393855,1112.301,1.3544477945354236,1.2996353661735804,0.1516822127583873,0.4470935592045742,0.0223986936978337,0.0652863867847459,0.0010666516595016
F2,2023-05-05 15:45:24,5.20199613837768,41.1593190549162,18.711149964295764,38.26753822395581,1083.784,1.426993020076195,1.2531100006612808,0.1366102914823047,0.429658876762265,0.0219404618962789,0.0665069503485826,0.0022021950723665
F2,2023-05-05 15:58:24,5.20756602481345,41.1590022341628,18.669148515344297,38.271453314622605,1287.501,1.4846865971193572,1.0781802826391451,0.1397665743752614,0.708820535575667,0.0275025027709811,0.0733397382542067,0.0018219588992756
F2,2023-05-05 16:15:24,5.21515611677306,41.1585950706582,18.523203826695173,38.28320591424591,877.5095,1.510047356190976,1.4658396356935968,0.1463861024552874,0.7655654148996275,0.0401019146639115,0.0761844552488178,0.0019208692107467
F2,2023-05-05 16:28:24,5.22083560824986,41.1581068254623,18.716838752051128,38.27737768294659,564.2688,1.3371395270083066,1.1996975351350567,0.1585207590278245,0.7517976750463439,0.038526603428451,0.0818515451253965,0.0024000912381271
F2,2023-05-05 16:46:24,5.22821722389713,41.1574553254623,18.704707102830927,38.282901871355335,856.4094,1.5667759043313867,1.346881779894165,0.1145907960576678,0.8583949768054241,0.0415273766897206,0.0718435913106398,0.0024190527721868
F2,2023-05-05 16:58:24,5.23307860845008,41.1570129182478,18.54496401815164,38.289228103504,977.2578,1.3717021759150605,1.4398747243726864,0.1942224123787142,0.6760574754146578,0.0597368317497521,0.0719831338585375,0.0023234351580453
F2,2023-05-05 17:16:24,5.23608992645591,41.1573963,18.612658655210808,38.29304467149582,799.6307,1.569028356259511,1.2908456388557878,0.1732842507341004,0.7970660709315202,0.0578503202167901,0.0764435573820819,0.0027775053081257
F2,2023-05-05 17:28:24,5.23606215389667,41.15740596169,18.21814576037268,38.34851070958248,765.1998,1.3578561634124744,1.6971567246474155,0.2126340246767072,0.7251286858289603,0.0680227377525875,0.0698433856336962,0.0028391141058564
F2,2023-05-05 17:45:24,5.23608426780787,41.1566581482882,18.52686050247346,38.29435158120653,665.91,1.389852602148368,1.4183231467131827,0.1618998878770555,0.5845058152978968,0.0606435835550515,0.0712739270130311,0.0025774758521466
F2,2023-05-05 17:58:24,5.23907552696418,41.1550032102733,18.52793978300176,38.29163653299172,581.741,1.5461596203172383,1.3473067656404751,0.168144462886554,0.6916924411566818,0.0575998223675053,0.0766099946495582,0.0031562308843726
F2,2023-05-05 18:16:24,5.2448273533874,41.1544775852082,18.5249868370136,38.29032726239045,428.7654,1.445536507009739,1.3827475514478302,0.1902826245920376,0.600730135514553,0.0616992576741304,0.0768258191007922,0.0025991615004189
F2,2023-05-05 18:28:24,5.2490480581825,41.1539851726974,18.493020509707364,38.29223438377,184.9831,1.1670752832772922,1.52737612949888,0.1832466639018402,0.7527493131475868,0.0623884122478777,0.075434294622197,0.0026440467659286
F2,2023-05-05 18:45:24,5.25393620311042,41.1525005730949,18.45197776011155,38.2975601491046,135.7447,1.2344455551669706,1.608254832103486,0.1974830670205131,0.7194763293764042,0.0681949092550538,0.0812357355992235,0.0031385839007986
F2,2023-05-05 18:58:24,5.25607896300337,41.1502776369966,18.46012148221565,38.291932387128206,88.28847,1.1552675732609512,1.3298516003990768,0.168557217834444,0.498039905336922,0.0638791228107591,0.0739729216027554,0.0027040683845818
F2,2023-05-05 19:15:24,5.25853075637611,41.146641312105,18.47917929037115,38.28821315009977,50.57013,1.1969137583883005,1.4600642796115038,0.1784556971636552,0.4593178011356827,0.0608720570716004,0.0775983183336454,0.0026197010235757
F2,2023-05-05 19:28:24,5.25886705323238,41.1457449077414,18.46820275924581,38.28841232453191,23.00353,1.032913203965307,1.3050315748283732,0.1703923885120528,0.5597367672969613,0.0607114086392383,0.074018270837539,0.002043552138804
F2,2023-05-05 19:45:24,5.25697221951765,41.1455880864523,18.41332376764376,38.289620371706086,5.123766,1.1759776038566536,1.5500199461129118,0.1732763148419128,0.5095607026096162,0.0584505214878293,0.0691640470902744,0.0025800393684191
F2,2023-05-05 19:58:24,5.25518601057534,41.1455768529808,18.405336105475385,38.28992387972534,1.66314,1.1903446609693469,1.246340027888497,0.1396265027404528,0.623424049489778,0.0555103365807861,0.0716312456227039,0.0025606330715307
F2,2023-05-05 20:15:24,5.25257096858427,41.1459216879384,18.36444304686432,38.290223868794925,1.263183,1.0227587726663547,1.509572714370475,0.1779328562541095,0.5606768743037893,0.0593654809618304,0.0780401564194551,0.0025368548536277
F2,2023-05-05 20:28:24,5.25082437638033,41.1461159064017,18.369426985500795,38.29032420877001,1.271326,1.0759007691619855,1.3680729503514413,0.1351751097863219,0.4690498704945443,0.0508845037319111,0.067099963984737,0.0023340629224628
F2,2023-05-05 20:45:24,5.24884670652315,41.1465963102298,18.35348046685551,38.29002603685358,1.266582,1.155472919102677,1.3379128995309597,0.156815915158886,0.5660885128459326,0.056964737155246,0.073726454225991,0.0018731912511502
F2,2023-05-05 20:58:24,5.24764695894941,41.146944957697,18.342559544305505,38.28841670681494,1.276904,1.0198553778517376,1.2123159458915005,0.1693590948452319,0.4601611905311266,0.0523612871792622,0.0712213545340559,0.0018588603285102
F2,2023-05-05 21:15:24,5.24925228017884,41.1462616679285,18.31156147505575,38.29133278242308,1.285504,1.1023443519562484,1.1600500648651046,0.1379013205989834,0.433856798059428,0.0563037723859593,0.0777733515778876,0.0030343123644051
F2,2023-05-05 21:28:24,5.252738309902,41.1453423771038,18.292575059374872,38.29273802881037,1.294451,0.8142033457565467,1.2302535872925762,0.1627456423445679,0.4879253902391459,0.0538315934276322,0.0757518323591604,0.001990418316478
F2,2023-05-05 21:45:24,5.25761829082534,41.1442285810781,18.300661238703896,38.28901813229724,1.302293,0.846584191640572,1.3091530138835297,0.1826993672931596,0.5294418155383884,0.0588967998751159,0.0781437104703376,0.0027756456440781
F2,2023-05-05 21:58:24,5.26123443592535,41.1433109251771,18.287573468208187,38.29323669654388,1.314538,0.8582890740540392,1.301345966883506,0.1570173482394488,0.5155979700468137,0.0601697240775575,0.0778720092626085,0.0024106666956061
F2,2023-05-05 22:15:24,5.26597519331321,41.1420791294711,18.284581771636983,38.29323475641931,1.315764,0.7782930428509514,1.5789331627513268,0.1200637397150172,0.5845906026028764,0.0605561863582811,0.0769024698529156,0.0031190851869465
F2,2023-05-05 22:28:24,5.26981616137908,41.1411195820978,18.278558866986263,38.29463987218623,1.305718,0.887617285695361,1.059678863840008,0.1322440591735432,0.4853128320278472,0.0598677213219702,0.075757682575827,0.0026046914402764
F2,2023-05-05 22:45:24,5.27459298789453,41.1398335894248,18.25653774159597,38.29745128029097,1.308755,1.0038834409591373,1.5122266170628342,0.1069208697458534,0.4938482781211129,0.0639416636607013,0.077772365230836,0.0027431505660867
F2,2023-05-05 22:58:24,5.27792439272511,41.1389723410575,18.231553693861606,38.29935871036879,1.312995,0.6707931501928525,1.3773613964467173,0.1245163990073766,0.5655966764198768,0.0630427915373514,0.0800605513136325,0.0033616055315648
F2,2023-05-05 23:15:24,5.28251474729641,41.1379303366336,18.21658556936424,38.2997593055157,1.321152,0.8003193559659619,1.272187505840058,0.1531124856999168,0.4850414350332021,0.0652764570799594,0.0779360095869752,0.002708484237066
F2,2023-05-05 23:28:24,5.28620394603506,41.1371910452047,18.20156743927564,38.30186592110785,1.316023,0.6976736733054772,1.2497637671281188,0.1343469141366033,0.6627188440765426,0.0665014870274695,0.0757689190288474,0.0032144088240138
F2,2023-05-05 23:45:24,5.29100885170294,41.1363941394244,18.175423387562383,38.30929985301292,1.317429,0.7190976380898038,1.59298321489408,0.1681162007749812,0.479587605832638,0.0746734660365974,0.079465903039821,0.0029885764850634
F2,2023-05-05 23:58:24,5.29450641265781,41.1357598436063,18.17633161674524,38.31231111535772,1.307291,0.5799820595959133,1.3993713616349508,0.1492645162392238,0.6424330690792991,0.0728037052781984,0.072442159912206,0.0032594934126246
F2,2023-05-06 00:15:24,5.29954352571366,41.1351142462501,18.169399001591746,38.31070314315527,1.306606,0.4852005103942422,1.5254903886653115,0.1666224399713768,0.3767072756832595,0.0742442207696674,0.0799114238145835,0.0033313503682713
F2,2023-05-06 00:28:24,5.30346935272125,41.1344713431658,18.14136559599401,38.31461880267775,1.319547,0.4380623997332938,1.6411386802525922,0.151408786644251,0.4824643889097966,0.0718589884675789,0.0750070667441468,0.0022598919030893
F2,2023-05-06 00:45:24,5.30878500788021,41.1333450481941,18.141362566195937,38.31472015610719,1.306947,0.5037181360884647,1.6813480803877234,0.1593189939841727,0.3713377858871557,0.0731489847951405,0.0768961488997777,0.0035913819524875
F2,2023-05-06 00:58:24,5.31252297371759,41.1325388936753,18.11940374450449,38.31551973157056,1.318583,0.4381765964554921,1.6618790794838418,0.1583260644579703,0.3693983691780819,0.0733343746033882,0.0695887386326834,0.0035983432061037
F2,2023-05-06 01:15:24,5.31674712280983,41.1313965437273,18.09637605089117,38.31873381748757,1.329614,0.4801112800222837,1.759083679541635,0.1551670970517553,0.4225290238685746,0.0788834504442073,0.0764322003472964,0.0034221539294145
F2,2023-05-06 01:28:24,5.32016444922205,41.1308994000346,18.07435287804368,38.3217489572504,1.335642,0.4988652533946736,1.5396361671664145,0.1020241369536019,0.3946641408864884,0.0759580479459061,0.0723046017820722,0.0040547035408001
F2,2023-05-06 01:45:24,5.32538722985971,41.1305286950234,18.057206094798467,38.32847750568462,1.351299,0.5250794610427016,1.7702636315805027,0.1777439682531006,0.4797820443664897,0.0837261042365533,0.0796822621140904,0.0035342023829145
F2,2023-05-06 01:58:24,5.32835760051863,41.1297260992221,18.038251105546458,38.32887879630816,1.351589,0.5580231580706838,1.6661057038651026,0.1263951068908082,0.402423018001699,0.0821260888643873,0.0805511223048919,0.0038555858249583
F2,2023-05-06 02:15:24,5.32841150159847,41.1274707971228,18.063373764615825,38.32214412212511,1.369255,0.4854495842825413,2.0386166006418325,0.1691758647850327,0.5287696597556937,0.0815902250285373,0.077819955871598,0.0034704861719473
F2,2023-05-06 02:28:24,5.33008820964093,41.1260241454473,17.981043975916503,38.3417371082838,1.368245,0.366756019966432,2.049628091603044,0.1430181611547623,0.4312987334710668,0.0908390997814573,0.0833507553784976,0.0046512784083212
F2,2023-05-06 02:45:24,5.33104234805573,41.1244196573882,18.07363507807421,38.31219641911353,1.332256,0.3287552253459782,2.1476119129021813,0.1434209586444422,0.5368145099415036,0.0765340157307773,0.0865095795422199,0.0036393456641348
F2,2023-05-06 02:58:24,5.33357837869917,41.1238419022035,18.063690399743987,38.31129076003374,1.345521,0.452760637963485,1.8328401662510287,0.1449874664999636,0.4029060668515435,0.0731517016050842,0.0838761456522759,0.0039293347171825
F2,2023-05-06 03:15:24,5.33909825570324,41.1227343985483,17.882362879402866,38.34092839700195,1.382566,0.3542600826706657,2.045461569448127,0.1569733526610944,0.3802741141916418,0.0807784623266575,0.0845610049507723,0.005161907413375
F2,2023-05-06 03:28:24,5.34357023215779,41.1220961509072,18.04953489622965,38.31802118618573,1.402398,0.3544685343571234,1.5920274328371322,0.1285809012328307,0.3835401423803442,0.0736636231002713,0.0709841780054787,0.004953155158558
F2,2023-05-06 03:45:24,5.34951803502921,41.1216949519054,18.03254648821013,38.31932207230314,1.40265,0.4018661616378691,1.9040198896713487,0.1527734994035809,0.3648483557436059,0.0843646406045722,0.0879639674861532,0.004836450385346
F2,2023-05-06 03:58:24,5.35376380196942,41.1211250075342,18.024444561406035,38.32364391654024,1.399155,0.4883066368833081,1.4231924877699405,0.1579213713762552,0.4132625438367215,0.0819044040471547,0.0727499171104403,0.0054579611069135
F2,2023-05-06 04:15:24,5.35927391355797,41.120260555754,18.009197761280124,38.33358810791914,1.351052,0.6208893552459365,1.8959398435145185,0.179148600698887,0.4878865031309375,0.095823827945409,0.0874924356474032,0.0051978025611018
F2,2023-05-06 04:28:24,5.36349866129295,41.1196256567737,17.998224766339185,38.33378576889678,1.358273,0.6242899888438915,1.699180597141046,0.1424688404788463,0.4267020303855894,0.0896887244752072,0.0792378649112239,0.0060667494603447
F2,2023-05-06 04:45:24,5.36733520004413,41.1187357101951,17.995516987393714,38.32403712791948,1.379107,0.4998189590767962,1.7718284844719672,0.1392273652881887,0.3105667920983275,0.089226802335597,0.0842831218569915,0.0062666410930011
F2,2023-05-06 04:58:24,5.37129739932603,41.1177565139105,17.991537747125133,38.32373654661062,1.439763,0.4687850931014848,1.6916601661585002,0.1500680561540939,0.4358201913046385,0.0914638285090075,0.0791573611531741,0.0069760271951518
F2,2023-05-06 05:15:24,5.37660799688795,41.1166337671853,17.99345081385324,38.32654775656827,2.939126,0.6446210500643095,1.7977478294078102,0.1909974162734998,0.5102480860390561,0.095131653049114,0.0830556028791404,0.0063541830725077
F2,2023-05-06 05:28:24,5.38076554214663,41.1158238745981,17.97408227660361,38.34111494798216,11.9625,0.5642977535522996,1.8363514319141163,0.1854691162383283,0.4948710741841287,0.0985188768198128,0.0788635716528546,0.0052824570142419
F2,2023-05-06 05:45:24,5.38618018056846,41.1145539141697,17.98523929110019,38.334581495933634,58.39654,0.77962915102011,1.912602687122666,0.1747574317414109,0.5067586527172019,0.1038926676442633,0.0773602061154395,0.0054575373707398
F2,2023-05-06 05:58:24,5.39037643500162,41.1135728813632,17.9681638492867,38.33889947008591,130.3043,0.7438078913444669,1.999148273346872,0.1644143836113359,0.5165957047529428,0.1054240441054607,0.0799521929902993,0.0049033351444804
F2,2023-05-06 06:15:24,5.395574905442,41.1120864756095,17.98326380360463,38.33397589818139,275.5757,0.8836746177244794,2.078166732776305,0.1947707734981004,0.4464919512823576,0.1070564143709744,0.0746453612070318,0.0059012935773943
F2,2023-05-06 06:28:24,5.39912536321079,41.110963633869,17.93814030639234,38.34281694258373,377.7347,0.8271571093186125,2.0315198389210414,0.1735230893383418,0.478843540719552,0.1110147753010721,0.0728619436562928,0.0037963926037037
F2,2023-05-06 06:45:24,5.40318239943038,41.1090868452563,17.92995580571313,38.34994823592564,488.7893,0.8868060539637657,2.1603436140950056,0.1957555407803779,0.4468099215666224,0.1148504960131792,0.0777719301598096,0.0048057524046854
F2,2023-05-06 06:58:24,5.40629850703318,41.1078229371867,17.970185017287513,38.337988261238415,558.5269,0.8754459927529766,1.912372612029264,0.1638772675299935,0.6655245768985445,0.1100542840735493,0.0831679790312987,0.0057622595552966
A2,2023-05-06 18:15:24,5.25019196051481,41.3998404843613,17.501854648218927,38.503966976621854,495.4109,1.377830669082858,4.762580072904138,0.3933908697856214,0.5374432695309141,0.1273411235996812,0.0844014193671037,0.0016614806883439
A2,2023-05-06 18:28:24,5.25116771472253,41.4010858806115,18.28905713128263,38.47975424555677,366.9992,2.778714812802699,4.4034560373933305,0.4073812842885526,0.8365013780947831,0.1123999286497393,0.0714172104930958,0.0015629256070756
A2,2023-05-06 18:45:24,5.25150194125628,41.4025292125628,17.47087532317056,38.506780133381305,284.1537,0.9622294752775218,4.962702632429338,0.4095969147344605,0.6349342272529906,0.1217109416707583,0.0839911381501812,0.0019755336797879
A2,2023-05-06 18:58:24,5.2512714698117,41.4033659191031,18.14336791394981,38.48457627142642,175.0611,2.5347340953580284,4.2112700975456985,0.428980586069378,0.8688596174276468,0.1075062567417237,0.0694465608281536,0.001306890933523
A2,2023-05-06 19:15:24,5.25075893649547,41.4047458905136,18.18033894168821,38.48166359663204,85.18496,2.708617594038881,4.930454576084298,0.4065746950135531,1.041147893414908,0.1102989849272138,0.0796567114760813,0.0019756629608695
A2,2023-05-06 19:28:24,5.25039133813394,41.4056270046652,18.14856246712252,38.477443797202085,29.71099,2.26749896351262,4.7806594047518,0.3602197896877395,0.8262402481817961,0.1007830957960131,0.0742924932773447,0.0020144694475877
A2,2023-05-06 19:45:24,5.25018938353222,41.407274310092,18.01678351678357,38.48397531885376,7.015388,2.405499715324664,5.022282392053691,0.3776163133077692,0.8428773934998754,0.1052805846878179,0.0789573510688861,0.002005782535194
A2,2023-05-06 19:58:24,5.25087358004179,41.409396060101,18.1173675309047,38.487390399129886,2.006918,2.40485905330925,4.540427404444931,0.3162159185862958,0.9292870607960592,0.0946203782927095,0.0747071503137405,0.0019350225268277
A2,2023-05-06 20:15:24,5.25120761967357,41.4128666213057,18.090563095248168,38.483573087236856,1.25417,2.645444064209759,5.488263469617299,0.4373912456694072,0.8816051025222411,0.107154276682076,0.0831236692784382,0.0023227742446207
A2,2023-05-06 20:28:24,5.25080657799385,41.414517069362,17.366390068821296,38.500752510288656,1.22847,0.8875219704530339,4.797579209110419,0.3865625267901785,0.5756230820804151,0.1532315134729572,0.0882104390230162,0.0019613239763279
A2,2023-05-06 20:46:24,5.25105272096934,41.4154494419387,16.971694396837467,38.536724377849,1.236923,0.7089306748221831,4.9328068191597625,0.3671983074647144,0.5098303034930087,0.1137691196050233,0.0999830051517044,0.0027686585166387
A2,2023-05-06 20:58:24,5.25110272062198,41.415774779378,17.022270023504205,38.545766232308,1.261363,0.7444900038041273,4.174772268971091,0.3173197336789457,0.5088170341622307,0.0774323637942988,0.0999932739152359,0.0030550926570429
A2,2023-05-06 21:15:24,5.25106924005537,41.4156308800415,17.035341439738037,38.54164968385451,1.297971,0.6883193513164819,4.751325651247608,0.2727032660528152,0.5384565279387445,0.0817915034774165,0.1005341631430077,0.0025309403888091
A2,2023-05-06 21:28:24,5.25060774240535,41.4151314848107,16.811326196487396,38.53371184860243,1.332526,0.3734165127390862,4.569459728877196,0.3160724789516151,0.4963603212090881,0.1402746931128055,0.107032387742535,0.0033739797330462
A2,2023-05-06 21:45:24,5.25076661702942,41.4142786879216,17.069716956113822,38.5240642503608,1.338017,0.6515850243162508,5.010121032204308,0.3319832730285064,0.4109981307155562,0.1184581222586826,0.1071742690470539,0.0034310378625371
A2,2023-05-06 21:58:24,5.25037912856413,41.4136551464231,17.09399867300672,38.54677434967867,1.314641,0.4505840823890668,4.725355000811674,0.3696815498386026,0.4459773725448915,0.1483570992366519,0.1129845108000536,0.0042264330025039
A2,2023-05-06 22:15:24,5.24952490851892,41.4131794825557,18.11027188008409,38.49140822976,1.318012,2.699983942072333,5.654860493311912,0.3691347926958169,0.871673535361686,0.1144808482884026,0.0991890714641687,0.0026290896656757
A2,2023-05-06 22:28:24,5.24800352721397,41.4130059610886,18.28898017511694,38.4823669782956,1.275919,2.4975221366951765,5.276980987060707,0.4107998249249699,0.8645077600540972,0.1069234902648979,0.0917381346138213,0.0031450200167347
A2,2023-05-06 22:45:24,5.24579939113488,41.4131197770348,18.30782768620692,38.48558364492408,1.292012,1.5956323566860071,5.752874446839918,0.3676561162549767,0.5282310662986854,0.108938217067854,0.0848268671998305,0.0032207180202757
A2,2023-05-06 22:58:24,5.24427090015496,41.4133873777606,18.326726631564867,38.48699093574535,1.327546,1.737879051876852,5.566641303385164,0.3749750321903773,0.6792276765845437,0.1081115938437881,0.0837207773024132,0.0031810736640485
A2,2023-05-06 23:16:24,5.24313888284083,41.4131605437878,18.259558546005632,38.49975108214762,1.337968,1.857227279710823,5.565603047807378,0.394480132445182,0.5911814024800234,0.1145043501951556,0.0943456673677431,0.0029757054877959
A2,2023-05-06 23:28:24,5.24261319826336,41.4129689228097,18.37146319659205,38.49121155327233,1.288488,1.8570556951475905,5.038747063290568,0.369862448825474,0.5625345142570106,0.1046747041725982,0.0943351538726176,0.0029572499044392
A2,2023-05-06 23:45:24,5.24121741925847,41.4123397451356,18.33564325912448,38.48890077630645,1.285954,2.1042592235242985,5.352313164434131,0.3899034360566101,0.5625974015498747,0.1161002880098544,0.1026166891410521,0.0037424024035921
A2,2023-05-06 23:58:24,5.24018668482069,41.4122212,18.1131657209644,38.494727177185005,1.2832,0.9220768995508624,5.00297466911292,0.3086483009949547,0.4384715744842159,0.1401377954416995,0.1021451219909359,0.0030795699749445
A2,2023-05-07 00:15:24,5.24011494593045,41.4117568074131,17.10876224829531,38.51783960509883,1.282704,0.7315796968026509,5.797154903197687,0.3107337801973784,0.4767085440786512,0.1612657016045041,0.1131837977574452,0.003877374795163
A2,2023-05-07 00:28:24,5.2399229462069,41.4114246846552,17.061383151238097,38.50136195943744,1.285706,0.766041425200078,4.98747814991063,0.2772341727346314,0.5122047215360285,0.1419456470458692,0.1055665703993188,0.0044119269077074
A2,2023-05-07 00:46:24,5.23986558102605,41.4118054953339,18.322668079940648,38.489403324701776,1.282035,1.8634233162022624,4.962186594387834,0.3908322274470852,0.5359048796912337,0.1112201408616565,0.1082416183915934,0.0042659964949032
A2,2023-05-07 00:58:24,5.24105422438231,41.4124109997754,18.171059579399216,38.492116616203646,1.282042,1.862511782334028,4.620531727571412,0.3127257698442579,0.6227629674379155,0.1198488682384598,0.1005548866582347,0.0031395060582106
A2,2023-05-07 01:16:24,5.241756,41.4116389868584,16.63161255666227,38.54576938301246,1.290425,0.2678690708457088,3.75043571992459,0.2338086950588836,0.2883026516811379,0.0748902136515231,0.1141726950075956,0.0032621899673359
A2,2023-05-07 01:28:24,5.24164060803448,41.4109197392828,17.97060799245944,38.49492962070931,1.281745,1.6130499154889175,4.244594238405825,0.3356338291037156,0.6032704228820341,0.1125996134746029,0.101230811798506,0.003130780474098
A2,2023-05-07 01:46:24,5.2406345517236,41.409353090229,18.121363617558387,38.48709154466737,1.262743,1.918286619730201,4.770636071828347,0.3648261920911443,0.6962076423095794,0.1170131362791064,0.1139031847878802,0.0036690761328348
A2,2023-05-07 01:58:24,5.23946051980262,41.4082735541729,17.894328710060176,38.51291421886961,1.26892,1.8863338709500288,4.147567587300596,0.3320273929130335,0.5889756023985425,0.1137429912501322,0.1021672763122277,0.0031947737864075
A2,2023-05-07 02:15:24,5.23711939105806,41.4077167252636,17.45164382194458,38.51713510657921,1.299602,0.7221045498421439,4.36939598477327,0.2505838357027716,0.3891597558174596,0.1350839665081576,0.1182167358169954,0.005733747040717
A2,2023-05-07 02:28:24,5.23513817197984,41.4075728255745,16.503423749868396,38.56898366417544,1.304799,0.4310184529512365,3.527169825347351,0.2600013121236664,0.2834143970409525,0.0984391202835348,0.1353634691373522,0.0053635695063197
A2,2023-05-07 02:45:24,5.23270755510656,41.4084881448934,16.906029958543552,38.53271382462436,1.292501,0.3488842731574142,4.200853407817052,0.2215699498905429,0.2684094341900893,0.1322067434860925,0.1314024624165569,0.0034860125888358
A2,2023-05-07 02:58:24,5.23180500644483,41.4093679822636,17.425805128042434,38.514427445834215,1.325718,0.4818814897455927,3.6329997855485705,0.2418363576751484,0.3140484751505016,0.1338598136036364,0.1173378939017295,0.0037446041349209
A2,2023-05-07 03:15:24,5.2299816030761,41.4105709103852,17.231504893335075,38.51241599733451,1.37468,0.5244017384842582,4.095900007758106,0.2754394556417793,0.2813102309465531,0.1493883599116648,0.1258415309566709,0.0035837061024634
A2,2023-05-07 03:28:24,5.22864909574947,41.4114246818556,17.003009921062834,38.52166158642094,1.385567,0.6706850357746318,4.035887949817654,0.254967580020686,0.3475912547933599,0.1330558538765796,0.1105796635620348,0.0037170976289229
A2,2023-05-07 03:46:24,5.2260479594099,41.4127390751161,17.249376995365907,38.51482865133634,1.368153,0.8060650314276981,5.303974561284798,0.2983179321689043,0.3254832647581422,0.151808475241378,0.1163197073140703,0.0035014563596158
A2,2023-05-07 03:58:24,5.2246295128914,41.4135954302486,16.887181850227737,38.529601320838935,1.338266,0.4985030372064004,5.1359894808123165,0.2903881409670505,0.2749358371965848,0.1626284392853346,0.117769093012428,0.0030627344619703
A2,2023-05-07 04:15:24,5.22227124729474,41.4146650198551,16.947285500172924,38.51854823298413,1.33159,0.4677965648997692,4.85321202780712,0.2448973268844589,0.282743751972938,0.1721819265396896,0.1211942043066244,0.0045647447443679
A2,2023-05-07 04:28:24,5.22064054624667,41.4156128447944,17.028163932015456,38.51312538534526,1.370887,0.6150323838288043,4.60266705955018,0.2722945991396646,0.2891236822101463,0.1535575382882014,0.1201460884342514,0.0040845465340049
A2,2023-05-07 04:46:24,5.21851167187879,41.4166147276545,16.56839853110119,38.52518081670618,1.374951,0.2200610154668545,4.479830420092791,0.227066520827866,0.204021102968316,0.1676295752119311,0.1347963191085876,0.0042409746390318
A2,2023-05-07 04:58:24,5.21721883748072,41.417274594453,17.27738919456701,38.51111459254594,1.402077,0.7537172179292239,4.050316056654238,0.2518958310771077,0.3454246908120053,0.1324579397848633,0.1121851001286722,0.0056296786781878
A2,2023-05-07 05:15:24,5.21572753668608,41.4178840633139,16.77576975678396,38.52206968827979,2.596519,0.3249844988507321,4.237395178500275,0.2579059820798458,0.2324911198138854,0.1462789894889994,0.1366466052254983,0.0040515788037788
A2,2023-05-07 05:28:24,5.21479073737719,41.4188992714097,17.578552661163588,38.50579177550721,8.537057,0.8728831828055492,4.331067787921913,0.2749007445554193,0.3217090148138043,0.1387232852240817,0.1075362728582727,0.0040965314865134
A2,2023-05-07 05:46:24,5.2137609119751,41.420392524028,17.712842387510317,38.51533627781078,28.15718,0.8765173172508276,4.346082615451821,0.3070186127526964,0.2381391732875224,0.1516958766517041,0.1203925507559186,0.003116031107443
A2,2023-05-07 05:58:24,5.21358365181864,41.4209051079223,17.515178500206385,38.526087700243735,53.13311,0.4861843177033669,3.428413843439177,0.2448814789864231,0.295177679274977,0.1395801818365799,0.1235448730839056,0.003123031411154
A2,2023-05-07 06:16:24,5.21384504320517,41.4216084148077,17.01383806935951,38.52649013306017,138.6417,0.4725308052993264,3.803578556206845,0.2663637966368922,0.2244640068967378,0.1439871787144168,0.1257770242307572,0.0041995399026765
A2,2023-05-07 06:28:24,5.21422627755304,41.4217131289788,17.93675203831249,38.493733920613245,173.0603,1.347347661409931,4.06124443356901,0.3123459831606288,0.366849460686752,0.1383672975796116,0.0964232955195059,0.0042367077949946
A2,2023-05-07 06:45:24,5.214594,41.4213430588215,18.01861806152357,38.4894140523314,212.3342,1.790385061951501,4.546640993839096,0.3599791125797715,0.5615522182118103,0.1520768239106054,0.1030253811231969,0.0050136551236436
A2,2023-05-07 06:58:24,5.2145948,41.4206323202694,18.08123509406137,38.49574594655801,377.6944,2.4608160195717588,4.353280069988554,0.3836377721969608,0.6170520400896321,0.143246873520504,0.1026259978315148,0.0057669160490835
A2,2023-05-07 07:15:24,5.214856,41.4197583220666,18.10997487264165,38.50157177819559,544.5457,3.16142472894636,5.440940090442688,0.4351397886289772,0.6752976933520507,0.1615900857004702,0.1070795348366843,0.005794573320375
A2,2023-05-07 07:28:24,5.21501268157219,41.4181775441043,18.06691233656389,38.50830213406968,257.1699,3.266602235799084,4.477401107937789,0.4131027952334559,0.7855153069143677,0.152929274899724,0.1099539150697412,0.0079511878974197
A2,2023-05-07 07:46:24,5.21670445346908,41.4144868855109,17.683878939220186,38.51734674731409,452.6559,1.7760018734940126,4.559364464304194,0.3221901768965794,0.5128202587534457,0.1514186507514675,0.1077907444853587,0.0058791162738235
A2,2023-05-07 07:58:24,5.21830742674941,41.4124076428894,18.10881783999399,38.50699704610788,479.7627,3.3744088421272376,4.9277359547856685,0.3637193817234342,0.779463663610944,0.1538632507584819,0.1128619176263687,0.0039993403508232
A2,2023-05-07 08:16:24,5.22605613395442,41.4115763173667,18.08235665271601,38.49152046482694,560.264,3.165565954288698,6.447360720957303,0.3980615210911232,0.7493342392500103,0.1654818081730271,0.1091452019136328,0.0041100844538817
A2,2023-05-07 08:28:24,5.23064715085361,41.4106474229743,18.091439063387963,38.48769719504448,1040.222,2.6478968857551206,5.3795378580013695,0.3803311302828669,0.7637133669781968,0.1540627006963531,0.1049587685535486,0.0027988611226119
A2,2023-05-07 08:46:24,5.23468826545635,41.4090876693371,18.03775573237377,38.48267439539968,1322.582,2.489018155866913,5.159783281700833,0.3654311150430098,0.6260627427637077,0.1489128224806278,0.112715378909,0.002445216380868
A2,2023-05-07 08:58:24,5.23695003905822,41.4074366656507,17.13860354709557,38.48437903220098,1300.298,0.5143101627574059,3.162907230646081,0.2091271267852254,0.3041294076974226,0.109302403825991,0.1074593026977135,0.0021811838592369
A2,2023-05-07 09:15:24,5.23625098963198,41.4051818286506,17.799505852184776,38.48277308734656,1367.834,2.3538987300206977,5.249509378078652,0.3278696129383466,0.4821374883625611,0.1390593826688115,0.1016320430097742,0.0020743639404506
A2,2023-05-07 09:28:24,5.23541622553977,41.4035484851214,18.04772756904505,38.48257392239791,1454.045,2.6728798016375146,5.218376480233841,0.2661336903784917,0.8152559934093382,0.1313576881502012,0.1014114116811263,0.0025949292292421
A2,2023-05-07 09:45:24,5.23311992027022,41.4004245020752,18.05176175408932,38.48096462571419,1572.079,3.621620137471493,6.43712184487259,0.3755363789310898,1.0256707938192662,0.134582366868306,0.105977041498752,0.002133003150465
A2,2023-05-07 09:58:24,5.24612436649377,41.3821491571541,17.53937192858453,38.48166258389361,1662.005,1.6482749710017237,3.955187785318969,0.2137725101154325,0.5258340942420685,0.1305834951389831,0.0950399473096284,0.0023601424276937
A2,2023-05-07 10:15:24,5.25582913054275,41.3736148327458,17.52247239387684,38.48004849368792,1551.075,1.5022321764693676,4.907553582461099,0.250574869092498,0.5087416315364324,0.1335193620767561,0.0990937157063143,0.0018321342635872
A2,2023-05-07 10:28:24,5.2565958003368,41.3743557329591,17.421946995668794,38.47482405627341,1736.959,1.1410606068523064,3.9285765313283054,0.2992528920457219,0.496738563498404,0.1282651396606076,0.0999636513135242,0.0018649194554993
A2,2023-05-07 10:46:24,5.25580430011227,41.3749556334082,17.288321081868187,38.476936343642855,1441.695,1.0637972074752151,4.2699439607020615,0.1839584976043495,0.3322235517055463,0.1346119004037606,0.0965445120678438,0.0017258509830242
A2,2023-05-07 10:58:24,5.25531813043033,41.374942968481,17.402950403053918,38.4768330517332,1246.049,1.2189260125821646,3.7632743556050894,0.2150776606039812,0.4107878147290668,0.1210263877165162,0.0899995333042752,0.0017071695603929
A2,2023-05-07 11:15:24,5.25458390134832,41.3757354318727,17.57037868598402,38.47794113917485,1698.274,1.1876922945729915,4.352300577542244,0.2430145509736227,0.4181618391778148,0.1306916188570699,0.0962716627320186,0.001780381027307
A2,2023-05-07 11:28:24,5.25346149494537,41.3755125959563,17.504547872195886,38.4794478758577,1926.931,1.0376595624455116,4.0679590533591945,0.290019472234192,0.4065532547245769,0.1196186465754705,0.0980495239844604,0.0016167366011068
A2,2023-05-07 11:45:24,5.25277615934886,41.3760862900212,17.56941505750238,38.47673446797384,1928.252,1.1541449151881416,4.640266493509537,0.3437539583015938,0.4435400587505475,0.1255079094542696,0.0952136071335241,0.0017615642616594
A2,2023-05-07 11:58:24,5.25363026129587,41.3764716419266,17.268349035205333,38.47824052272966,2443.427,1.1857586345676363,3.8737016551297887,0.2373615885980549,0.6055280753824761,0.1208741839879813,0.0886396156004686,0.001796117678362
A2,2023-05-07 12:16:24,5.25357217358076,41.375235676544,17.62024366572031,38.47703689081175,781.4622,1.1691691204497314,4.445395251172354,0.324540119528201,0.4222902225182242,0.1256154570310159,0.0900358581122704,0.0016163169324875
A2,2023-05-07 12:28:24,5.25315593236555,41.3752739992742,17.40186292112967,38.48004971174791,782.0991,0.7051866104557177,3.317549746798693,0.2551133071749167,0.3740557140905681,0.1162907234959569,0.0879013666096478,0.0022339457216384
A2,2023-05-07 12:45:24,5.25466786897363,41.3747605459737,17.784797630269523,38.47432267663447,1074.957,2.038149914483197,4.8732155579516325,0.2421688728674011,0.4440487465186232,0.1199484905997188,0.0853206289453073,0.0015926270992748
A2,2023-05-07 12:58:24,5.25610908947545,41.3738891310259,17.759695760136715,38.48055059555918,1306.409,1.2316591646793582,4.273587588888461,0.26594533481699,0.440029715674999,0.1147653450365039,0.088770315399481,0.002263859620385
A2,2023-05-07 13:15:24,5.25418607374286,41.3738558414204,17.862689988642863,38.46950100993373,1611.125,1.6263163244817294,4.714613806359614,0.2892551012038705,0.5085730104344044,0.1152433840954769,0.0832243706803306,0.0023051324951212
A2,2023-05-07 13:28:24,5.25335302903669,41.3738587806651,17.708170402809372,38.46980028963792,1403.727,2.016517579111297,4.772509814416861,0.24455715110515,0.7256298720593191,0.1163117470855931,0.0896202059705702,0.0011795119823672
A2,2023-05-07 13:46:24,5.25268847660455,41.3740872361727,17.66913604778753,38.47532763477997,1712.993,1.248816443843121,4.102725800257735,0.3090379026071061,0.4714645072073778,0.1061197232922126,0.0842886660300203,0.0022756788671224
A2,2023-05-07 13:58:24,5.2515419415233,41.3749008271817,17.942333822368344,38.473116601699495,1938.068,1.668029991198233,4.419751728663601,0.2997322028700543,0.5251512142786535,0.1054099801879789,0.0758508569171117,0.0017359449856534
A2,2023-05-07 14:15:24,5.25072671734085,41.3742559512526,17.60112419037087,38.48336602299058,2023.672,0.3042360931167386,1.165113695617217,0.1799009356210478,0.245593647374813,0.1047899416791546,0.0802523899478039,0.0017070717140186
A2,2023-05-07 14:28:24,5.25003478003268,41.3749435770868,17.997033111624933,38.477540336357634,1956.101,1.5677359850186587,4.221482752702777,0.3572948181907797,0.6155436841686807,0.0997897707217353,0.0789495448338277,0.0013395260741247
A2,2023-05-07 14:45:24,5.24859182293901,41.3750260590203,17.50176923227289,38.472013851213376,1549.768,0.8475434143405756,4.325301905599483,0.2864015001820345,0.3921154961227187,0.1015900324818094,0.0832638161098203,0.0011468330498649
A2,2023-05-07 14:58:24,5.24820499496322,41.3746763683456,17.676942528425773,38.481159264220686,1306.713,2.063184461559047,4.199514506238655,0.286589759031553,0.4954669337467267,0.0932611966017318,0.0767183077418192,0.0014244443254639
A2,2023-05-07 15:15:24,5.24785784499735,41.3751153759979,18.008810303747023,38.48386931975108,1263.925,1.4838224124581567,4.624832704405379,0.3332036142656608,0.4957780217501928,0.0969126824707815,0.0771745256674367,0.0020678774747541
A2,2023-05-07 15:28:24,5.2477449,41.3748987074651,17.98294551731539,38.48206019646968,1493.79,1.6094375492764317,4.178892475439853,0.3106495216255011,0.5993696731089087,0.0894247620088167,0.0812887670654947,0.0020303806061086
A2,2023-05-07 15:45:24,5.24779580993602,41.374405785597,18.06807781245892,38.502558555350575,987.4363,1.9033446480302327,4.137612672934922,0.3149981115321995,0.5706019762132681,0.0872859944033012,0.0761280759601008,0.0012682089911529
A2,2023-05-07 15:58:24,5.2455969676518,41.3729008230432,18.187069407555725,38.49010229595985,1028.392,2.402443567461379,4.354618884360341,0.2788448214824274,0.7066757083185241,0.0883554479156488,0.07293919012962,0.0015641946715043
A2,2023-05-07 16:15:24,5.24396670847586,41.3701342983149,18.12227758149179,38.48989943051798,1025.669,2.105393996553416,4.480541308375131,0.3229630319055935,0.640711318839876,0.0931387133193983,0.0783061966168398,0.0012486831795255
A2,2023-05-07 16:28:24,5.24456516236391,41.3682369960601,18.1629908001561,38.49532639462576,879.9788,2.414179535145508,4.324322948291501,0.316746002389402,0.803341994644284,0.0795744447573088,0.0719015172590063,0.0022484119831907
A2,2023-05-07 16:45:24,5.24496820027642,41.3657293806634,18.021781750634208,38.483466963833294,665.5137,1.7187360053831884,4.446706743409592,0.3109508594672421,0.7680618284273731,0.0840527812674457,0.0752401663022453,0.001759501075303
A2,2023-05-07 16:58:24,5.24595353048137,41.3638437146045,18.03299009601561,38.47512970470781,508.7215,1.942692248395065,5.04241238902509,0.2986474359028732,0.6992798552030536,0.1100718842281873,0.0793956171849078,0.001803998215701
A2,2023-05-07 17:16:24,5.24356742712995,41.3617542539137,18.031718335403443,38.48457477906991,594.6158,2.176775401118191,4.568444769296821,0.3011161028949081,0.6800582576335855,0.0897385438925405,0.0695247592580259,0.0013134054978366
A2,2023-05-07 17:28:24,5.24411523157071,41.3556112391911,18.011602007353808,38.49070275746272,617.3137,1.8992207750798984,4.298838894328039,0.3435948736760774,0.7244178384204765,0.1125948649052302,0.0747437228043982,0.0018231787533016
A2,2023-05-07 17:45:24,5.23660571010952,41.3285444251187,17.947477453579967,38.50195619983658,603.001,1.4490567189351022,4.543511606592388,0.3081788307587669,0.7690672873360315,0.1164408612921396,0.0778515880571531,0.0015332013454074
A2,2023-05-07 17:58:24,5.23523996858157,41.3255420546562,17.344007973455376,38.4815576209122,384.2374,0.9083361101398792,3.5589079870181672,0.287358131473296,0.5475237835566286,0.118624001687359,0.0763548350406866,0.0025800538583662
A2,2023-05-07 18:15:24,5.23898740170935,41.3354493282999,18.05476914069439,38.51451646796792,421.873,1.4552046542201549,3.8497457022897,0.2857464431914313,0.6019796490225783,0.1341442132007239,0.0712886968261684,0.0014877309853946
A2,2023-05-07 18:28:24,5.24130345379253,41.3463237943294,18.176192129629754,38.52104803045562,265.5052,1.427253046491235,3.757342932576728,0.2812150421771009,0.6697830275987335,0.1347438158857917,0.0689162086643929,0.0019776930957585
A2,2023-05-07 18:46:24,5.2439720547251,41.3598111060113,17.988660967116086,38.491205352099335,174.4909,1.7261448357574127,4.35036539241467,0.3162584940611839,0.6861231956019196,0.0959025748630827,0.0832295834271617,0.0017792158867106
A2,2023-05-07 18:58:24,5.24482515576296,41.3619865769482,17.68258041453742,38.49311406651996,134.9097,1.1047432178909085,3.2557854856735364,0.2541710082623046,0.4613584389557347,0.115344093217139,0.083416352962245,0.0012875092540994
A2,2023-05-07 19:16:24,5.24486901334881,41.3616174715137,17.987768092295116,38.48758693081008,71.89331,2.0522008111341026,4.733575764171087,0.3239388848895973,0.6165538694060344,0.105744603256447,0.0815447575172232,0.0013812858701011
A2,2023-05-07 19:28:24,5.24600271493756,41.3615157,17.99469626779488,38.48929596479295,37.12228,1.8205943933432205,3.815635877896928,0.2928278102449999,0.7021670356119099,0.1132399338106975,0.0843451541595069,0.0012214388126778
A2,2023-05-07 19:46:24,5.24594143501511,41.3615312522333,17.676607838769943,38.49281084091992,4.621674,1.330522444117378,3.9427417901667448,0.3127986526573971,0.6553913081117131,0.129372251534745,0.0760636920282947,0.0017347050162508
